";""PI""",ะกสฮป,PI
1,6184682303337 ,0.61846823
2,735943879652146 ,0.73594388
